,e2_mean,e3_mean,e5_mean,e7_mean
block_d,-0.26750158668498,-0.29165439698981926,0.020375263026543987,-0.08455784651644353
block_f,0.18725844179634127,0.20758835250221278,0.1188789884674094,0.2775885873110637
block_p,0.05618105210568072,0.26952157968191975,0.06673477345475086,-0.19259487987157092
block_s,0.09605865093763344,-0.17946573123761905,-0.26832813377212994,0.041541495732304715
