,e2_mean,e3_mean,e5_mean,e7_mean
block_d,-0.40161924700608675,0.5476190476190476,0.12252450735245082,0.7977664301387197
block_f,0.5580958782374719,0.26244532958391187,0.6645570174272217,0.010072787050317278
block_p,-0.054064129404665456,-0.7619047619047616,-0.6651330399133046,-0.805990826325717
