,e2_mean,e3_mean,e5_mean,e7_mean
block_d,-0.33559837304736606,-0.16217839120589286,0.30957869598871346,-0.21750612573840908
block_f,0.08244118781358681,0.1596356809468366,0.016843648256166865,0.4258401414042011
block_p,0.18209983045265984,0.20012504676766504,-0.13352676338920202,-0.15480121866761892
block_s,0.16918949088883897,-0.23247202065481143,-0.32691293095385354,-0.005105697196997831
