{
  "n_elements": 58,
  "n_elements_robust": 30,
  "n_min": 2,
  "prime_metric": "mean",
  "tests": {
    "p_vs_df_e2": {
      "group_sizes": {
        "a": 6,
        "b": 20
      },
      "delta": 0.11666666666666667,
      "p_value": 0.6891216451070523,
      "median_diff": 0.013333333333333197
    },
    "df_vs_sp_e5": {
      "group_sizes": {
        "a": 20,
        "b": 10
      },
      "delta": -0.24,
      "p_value": 0.2955453693992509,
      "median_diff": -0.020000000000000018
    },
    "df_vs_sp_e7": {
      "group_sizes": {
        "a": 20,
        "b": 10
      },
      "delta": 0.3,
      "p_value": 0.1922564089393054,
      "median_diff": 0.0026666666666666644
    }
  },
  "classifier": {
    "n_samples": 30,
    "n_positive": 20,
    "n_negative": 10,
    "accuracy": 0.4666666666666667,
    "balanced_accuracy": 0.6,
    "roc_auc": 0.5625,
    "baseline_accuracy": 0.6666666666666666
  },
  "null_models": {
    "permutation": {
      "delta_e2_p_vs_df": {
        "mean": 5.333333333333243e-05,
        "std": 0.2710118242061584,
        "p_value": 0.6838632273545291,
        "z_score": 0.4302887288217569,
        "real": 0.11666666666666667
      },
      "delta_e5_df_vs_sp": {
        "mean": 0.001939,
        "std": 0.2239019689447582,
        "p_value": 0.29514097180563886,
        "z_score": -1.080557715236939,
        "real": -0.24
      },
      "delta_e7_df_vs_sp": {
        "mean": -0.003104,
        "std": 0.2245353166111762,
        "p_value": 0.1911617676464707,
        "z_score": 1.3499168174282346,
        "real": 0.3
      },
      "classifier_accuracy": {
        "mean": 0.4824666666666666,
        "std": 0.13587677117091504,
        "p_value": 0.5382923415316937,
        "z_score": -0.11628183289788077,
        "real": 0.4666666666666667
      },
      "n_perm": 5000,
      "n_elements": 30
    },
    "rotation": {
      "skipped_reason": "n_rotations set to 0."
    }
  }
}