{
  "n_elements": 58,
  "n_elements_robust": 32,
  "n_min": 2,
  "prime_metric": "mean",
  "tests": {
    "p_vs_df_e2": {
      "group_sizes": {
        "a": 6,
        "b": 22
      },
      "delta": 0.3106060606060606,
      "p_value": 0.25971841091193937,
      "median_diff": 0.05944444444444441
    },
    "df_vs_sp_e5": {
      "group_sizes": {
        "a": 22,
        "b": 10
      },
      "delta": 0.05454545454545454,
      "p_value": 0.8225024944092916,
      "median_diff": 0.033333333333333354
    },
    "df_vs_sp_e7": {
      "group_sizes": {
        "a": 22,
        "b": 10
      },
      "delta": 0.42727272727272725,
      "p_value": 0.05795180532451585,
      "median_diff": 0.009999999999999995
    }
  },
  "classifier": {
    "n_samples": 32,
    "n_positive": 22,
    "n_negative": 10,
    "accuracy": 0.4375,
    "balanced_accuracy": 0.5909090909090909,
    "roc_auc": 0.5340909090909091,
    "baseline_accuracy": 0.6875
  },
  "null_models": {
    "permutation": {
      "delta_e2_p_vs_df": {
        "mean": NaN,
        "std": NaN,
        "p_value": null,
        "z_score": null,
        "real": 0.3106060606060606
      },
      "delta_e5_df_vs_sp": {
        "mean": NaN,
        "std": NaN,
        "p_value": null,
        "z_score": null,
        "real": 0.05454545454545454
      },
      "delta_e7_df_vs_sp": {
        "mean": NaN,
        "std": NaN,
        "p_value": null,
        "z_score": null,
        "real": 0.42727272727272725
      },
      "classifier_accuracy": {
        "mean": NaN,
        "std": NaN,
        "p_value": null,
        "z_score": null,
        "real": 0.4375
      },
      "n_perm": 0,
      "n_elements": 32
    },
    "rotation": {
      "skipped_reason": "n_rotations set to 0."
    }
  }
}