{
  "n_elements": 5,
  "n_elements_robust": 5,
  "n_min": 1,
  "prime_metric": "mean",
  "tests": {
    "p_vs_df_e2": {
      "group_sizes": {
        "a": 2,
        "b": 3
      },
      "delta": -0.3333333333333333,
      "p_value": 0.7670968684102772,
      "median_diff": -0.17999999999999994
    },
    "df_vs_sp_e5": {
      "group_sizes": {
        "a": 3,
        "b": 2
      },
      "delta": 0.6666666666666666,
      "p_value": 0.3329216080655659,
      "median_diff": 0.18
    },
    "df_vs_sp_e7": {
      "group_sizes": {
        "a": 3,
        "b": 2
      },
      "delta": 1.0,
      "p_value": 0.1386406338132186,
      "median_diff": 0.12
    }
  },
  "classifier": {
    "n_samples": 5,
    "n_positive": 3,
    "n_negative": 2,
    "accuracy": 0.6,
    "balanced_accuracy": 0.6666666666666666,
    "roc_auc": 0.6666666666666666,
    "baseline_accuracy": 0.6
  },
  "null_models": {
    "permutation": {
      "delta_e2_p_vs_df": {
        "mean": -0.011700000000000009,
        "std": 0.5599486451128348,
        "p_value": 0.7046590681863627,
        "z_score": -0.5743979133452877,
        "real": -0.3333333333333333
      },
      "delta_e5_df_vs_sp": {
        "mean": 0.017866666666666663,
        "std": 0.5129436443084633,
        "p_value": 0.40411917616476706,
        "z_score": 1.2648562999054107,
        "real": 0.6666666666666666
      },
      "delta_e7_df_vs_sp": {
        "mean": 0.007766666666666676,
        "std": 0.5698529662529591,
        "p_value": 0.21315736852629474,
        "z_score": 1.7412093857433366,
        "real": 1.0
      },
      "classifier_accuracy": {
        "mean": 0.58136,
        "std": 0.1384210333601628,
        "p_value": 0.7096580683863227,
        "z_score": 0.1346616157061903,
        "real": 0.6
      },
      "n_perm": 5000,
      "n_elements": 5
    },
    "rotation": {
      "delta_e2_p_vs_df": {
        "mean": -0.7333333333333333,
        "std": 0.3651483716701107,
        "p_value": 1.0,
        "z_score": 1.0954451150103321,
        "real": -0.3333333333333333
      },
      "delta_e5_df_vs_sp": {
        "mean": 0.4666666666666666,
        "std": 0.5577733510227171,
        "p_value": 0.5,
        "z_score": 0.35856858280031806,
        "real": 0.6666666666666666
      },
      "delta_e7_df_vs_sp": {
        "mean": 0.33333333333333337,
        "std": 0.4714045207910317,
        "p_value": 0.3333333333333333,
        "z_score": 1.414213562373095,
        "real": 1.0
      },
      "classifier_accuracy": {
        "mean": 0.44000000000000006,
        "std": 0.21908902300206642,
        "p_value": 0.6666666666666666,
        "z_score": 0.7302967433402212,
        "real": 0.6
      },
      "n_rotations": 5,
      "n_elements": 5
    }
  }
}